precision,accuracy,recall,duration
0.9855769230769231,0.984375,0.984375,2198.1557261943817
