precision,accuracy,recall,duration
0.9287774725274726,0.9114583333333334,0.9114583333333333,1099.7230489253998
