precision,accuracy,recall,duration
0.9349088411588411,0.921875,0.921875,1924.52410364151
