precision,accuracy,recall,duration
0.8501717032967033,0.8489583333333334,0.8489583333333333,923.4888517856598
