precision,accuracy,recall,duration
0.6255265567765568,0.40625,0.40625,816.4275078773499
