precision,accuracy,recall,duration
0.9253333063994829,0.90625,0.90625,1650.7841098308563
