precision,accuracy,recall,duration
0.9156523623435389,0.8958333333333334,0.8958333333333333,1373.7567489147186
